<?xml version="1.0" encoding="UTF-8"?>
<config xmlns="http://www.knime.org/2008/09/XMLConfig" xmlns:xsi="http://www.w3.org/2001/XMLSchema-instance" xsi:schemaLocation="http://www.knime.org/2008/09/XMLConfig http://www.knime.org/XMLConfig_2008_09.xsd" key="model.xml">
    <entry key="version" type="xint" value="1"/>
    <entry key="class_name" type="xstring" value="org.knime.base.data.normalize.NormalizerPortObject"/>
    <config key="model">
        <config key="columns">
            <config key="lead_time">
                <entry key="column_name" type="xstring" value="lead_time"/>
                <entry key="column_scale" type="xdouble" value="0.0013568521031207597"/>
                <entry key="column_translate" type="xdouble" value="0.0"/>
                <entry key="column_min" type="xdouble" value="0.0"/>
                <entry key="column_max" type="xdouble" value="1.0"/>
            </config>
            <config key="stays_in_weekend_nights">
                <entry key="column_name" type="xstring" value="stays_in_weekend_nights"/>
                <entry key="column_scale" type="xdouble" value="0.05263157894736842"/>
                <entry key="column_translate" type="xdouble" value="0.0"/>
                <entry key="column_min" type="xdouble" value="0.0"/>
                <entry key="column_max" type="xdouble" value="1.0"/>
            </config>
            <config key="stays_in_week_nights">
                <entry key="column_name" type="xstring" value="stays_in_week_nights"/>
                <entry key="column_scale" type="xdouble" value="0.02"/>
                <entry key="column_translate" type="xdouble" value="0.0"/>
                <entry key="column_min" type="xdouble" value="0.0"/>
                <entry key="column_max" type="xdouble" value="1.0"/>
            </config>
            <config key="adults">
                <entry key="column_name" type="xstring" value="adults"/>
                <entry key="column_scale" type="xdouble" value="0.01818181818181818"/>
                <entry key="column_translate" type="xdouble" value="0.0"/>
                <entry key="column_min" type="xdouble" value="0.0"/>
                <entry key="column_max" type="xdouble" value="1.0"/>
            </config>
            <config key="children">
                <entry key="column_name" type="xstring" value="children"/>
                <entry key="column_scale" type="xdouble" value="0.1"/>
                <entry key="column_translate" type="xdouble" value="0.0"/>
                <entry key="column_min" type="xdouble" value="0.0"/>
                <entry key="column_max" type="xdouble" value="1.0"/>
            </config>
            <config key="babies">
                <entry key="column_name" type="xstring" value="babies"/>
                <entry key="column_scale" type="xdouble" value="0.1"/>
                <entry key="column_translate" type="xdouble" value="0.0"/>
                <entry key="column_min" type="xdouble" value="0.0"/>
                <entry key="column_max" type="xdouble" value="1.0"/>
            </config>
            <config key="adr">
                <entry key="column_name" type="xstring" value="adr"/>
                <entry key="column_scale" type="xdouble" value="0.00196078431372549"/>
                <entry key="column_translate" type="xdouble" value="0.0"/>
                <entry key="column_min" type="xdouble" value="0.0"/>
                <entry key="column_max" type="xdouble" value="1.0"/>
            </config>
            <config key="required_car_parking_spaces">
                <entry key="column_name" type="xstring" value="required_car_parking_spaces"/>
                <entry key="column_scale" type="xdouble" value="0.125"/>
                <entry key="column_translate" type="xdouble" value="0.0"/>
                <entry key="column_min" type="xdouble" value="0.0"/>
                <entry key="column_max" type="xdouble" value="1.0"/>
            </config>
            <config key="total_of_special_requests">
                <entry key="column_name" type="xstring" value="total_of_special_requests"/>
                <entry key="column_scale" type="xdouble" value="0.2"/>
                <entry key="column_translate" type="xdouble" value="0.0"/>
                <entry key="column_min" type="xdouble" value="0.0"/>
                <entry key="column_max" type="xdouble" value="1.0"/>
            </config>
            <config key="previous_cancellations">
                <entry key="column_name" type="xstring" value="previous_cancellations"/>
                <entry key="column_scale" type="xdouble" value="0.041666666666666664"/>
                <entry key="column_translate" type="xdouble" value="0.0"/>
                <entry key="column_min" type="xdouble" value="0.0"/>
                <entry key="column_max" type="xdouble" value="1.0"/>
            </config>
            <config key="previous_bookings_not_canceled">
                <entry key="column_name" type="xstring" value="previous_bookings_not_canceled"/>
                <entry key="column_scale" type="xdouble" value="0.013888888888888888"/>
                <entry key="column_translate" type="xdouble" value="0.0"/>
                <entry key="column_min" type="xdouble" value="0.0"/>
                <entry key="column_max" type="xdouble" value="1.0"/>
            </config>
        </config>
        <entry key="summary" type="xstring" value="Min/Max (0.0, 1) normalization on 11 column(s)"/>
    </config>
</config>
