<?xml version="1.0" encoding="UTF-8"?>
<config xmlns="http://www.knime.org/2008/09/XMLConfig" xmlns:xsi="http://www.w3.org/2001/XMLSchema-instance" xsi:schemaLocation="http://www.knime.org/2008/09/XMLConfig http://www.knime.org/XMLConfig_2008_09.xsd" key="model.xml">
    <entry key="version" type="xint" value="1"/>
    <entry key="class_name" type="xstring" value="org.knime.distance.DistanceMeasurePortSpec"/>
    <config key="model">
        <entry key="distance-spec-version" type="xstring" value="1"/>
        <config key="columns">
            <entry key="array-size" type="xint" value="11"/>
            <entry key="0" type="xstring" value="lead_time"/>
            <entry key="1" type="xstring" value="stays_in_weekend_nights"/>
            <entry key="2" type="xstring" value="stays_in_week_nights"/>
            <entry key="3" type="xstring" value="adults"/>
            <entry key="4" type="xstring" value="children"/>
            <entry key="5" type="xstring" value="babies"/>
            <entry key="6" type="xstring" value="adr"/>
            <entry key="7" type="xstring" value="required_car_parking_spaces"/>
            <entry key="8" type="xstring" value="total_of_special_requests"/>
            <entry key="9" type="xstring" value="previous_cancellations"/>
            <entry key="10" type="xstring" value="previous_bookings_not_canceled"/>
        </config>
        <config key="distance-characteristics">
            <entry key="array-size" type="xint" value="1"/>
            <entry key="0" type="xstring" value="METRIC"/>
        </config>
        <entry key="distance-measure-type" type="xstring" value="org.knime.distance.measure.numerical.lnorm.LNormDistanceFactory"/>
    </config>
</config>
